{
    "openapi": "3.0.0",
    "info": {
        "title": "SCHOOLSILO API | Stable Shield Solutions",
        "description": "Backend for the SCHOOLSILO project. Powered by Stable Shield Solutions",
        "contact": {
            "name": "API Support",
            "email": "support@stableshield.com"
        },
        "license": {
            "name": "Stable Shield API License",
            "url": "http://stableshield.com/api-licenses"
        },
        "version": "1.0.0"
    },
    "paths": {
        "/api/setFirstAdminUserInfo": {
            "post": {
                "tags": [
                    "Unprotected"
                ],
                "summary": "Create the admin, DO NOT CALL, YOU DONT NEED THIS ENDPOINT !!!!",
                "operationId": "755da55942eba539d695da81491d03b0",
                "responses": {
                    "200": {
                        "description": "Login Successfully"
                    }
                }
            }
        },
        "/api/registerSchool": {
            "post": {
                "tags": [
                    "Unprotected"
                ],
                "summary": "Register a school",
                "operationId": "8e36e29325a9cc83f8a8b1aa1a40a8f2",
                "requestBody": {
                    "required": true,
                    "content": {
                        "application/json": {
                            "schema": {
                                "properties": {
                                    "email": {
                                        "type": "string",
                                        "format": "email"
                                    },
                                    "password": {
                                        "type": "string"
                                    },
                                    "sname": {
                                        "type": "string"
                                    },
                                    "phn": {
                                        "type": "string"
                                    },
                                    "pcode": {
                                        "type": "string"
                                    },
                                    "verif": {
                                        "type": "string"
                                    }
                                },
                                "type": "object"
                            }
                        }
                    }
                },
                "responses": {
                    "200": {
                        "description": "Login Successfully"
                    }
                }
            }
        },
        "/api/registerPartner": {
            "post": {
                "tags": [
                    "Unprotected"
                ],
                "summary": "Register a partner",
                "operationId": "6b794a381dc0abd7ccb07e94faa3aeea",
                "requestBody": {
                    "required": true,
                    "content": {
                        "application/json": {
                            "schema": {
                                "properties": {
                                    "email": {
                                        "type": "string",
                                        "format": "email"
                                    },
                                    "password": {
                                        "type": "string"
                                    },
                                    "fname": {
                                        "type": "string"
                                    },
                                    "mname": {
                                        "type": "string"
                                    },
                                    "lname": {
                                        "type": "string"
                                    },
                                    "phn": {
                                        "type": "string"
                                    },
                                    "pcode": {
                                        "type": "string"
                                    },
                                    "verif": {
                                        "type": "string"
                                    }
                                },
                                "type": "object"
                            }
                        }
                    }
                },
                "responses": {
                    "200": {
                        "description": "Login Successfully"
                    }
                }
            }
        },
        "/api/sendPasswordResetEmail": {
            "post": {
                "tags": [
                    "Unprotected"
                ],
                "summary": "Send reset email",
                "operationId": "e9878d15d2885a776693bef83a413093",
                "requestBody": {
                    "required": true,
                    "content": {
                        "application/json": {
                            "schema": {
                                "properties": {
                                    "email": {
                                        "type": "string",
                                        "format": "email"
                                    },
                                    "type": {
                                        "type": "string"
                                    }
                                },
                                "type": "object"
                            }
                        }
                    }
                },
                "responses": {
                    "200": {
                        "description": "Password reset token sent to mail"
                    }
                }
            }
        },
        "/api/resetPassword": {
            "post": {
                "tags": [
                    "Unprotected"
                ],
                "summary": "change user password",
                "operationId": "c14a68bedc471d16001f1444df4acb37",
                "requestBody": {
                    "required": true,
                    "content": {
                        "application/json": {
                            "schema": {
                                "properties": {
                                    "token": {
                                        "type": "string"
                                    },
                                    "pwd": {
                                        "type": "string"
                                    },
                                    "type": {
                                        "type": "string"
                                    }
                                },
                                "type": "object"
                            }
                        }
                    }
                },
                "responses": {
                    "200": {
                        "description": "Password reset token sent to mail"
                    }
                }
            }
        },
        "/api/adminlogin": {
            "post": {
                "tags": [
                    "Unprotected"
                ],
                "summary": "Login as admin",
                "operationId": "898c8c7ec82bc541f12a27852ae6e19a",
                "requestBody": {
                    "required": true,
                    "content": {
                        "application/json": {
                            "schema": {
                                "properties": {
                                    "email": {
                                        "type": "string",
                                        "format": "email"
                                    },
                                    "password": {
                                        "type": "string"
                                    }
                                },
                                "type": "object"
                            }
                        }
                    }
                },
                "responses": {
                    "200": {
                        "description": "Login Successfully"
                    }
                }
            }
        },
        "/api/schoolLogin": {
            "post": {
                "tags": [
                    "Unprotected"
                ],
                "summary": "School Login to the application",
                "operationId": "8c803ebac9c711607ebb360c74b56aec",
                "requestBody": {
                    "required": true,
                    "content": {
                        "application/json": {
                            "schema": {
                                "properties": {
                                    "email": {
                                        "type": "string",
                                        "format": "email"
                                    },
                                    "password": {
                                        "type": "string"
                                    }
                                },
                                "type": "object"
                            }
                        }
                    }
                },
                "responses": {
                    "200": {
                        "description": "Login Successfully"
                    }
                }
            }
        },
        "/api/partnerLogin": {
            "post": {
                "tags": [
                    "Unprotected"
                ],
                "summary": "Partner Login to the application",
                "operationId": "9abd07b611fea28d3c877e185e1850f6",
                "requestBody": {
                    "required": true,
                    "content": {
                        "application/json": {
                            "schema": {
                                "properties": {
                                    "email": {
                                        "type": "string",
                                        "format": "email"
                                    },
                                    "password": {
                                        "type": "string"
                                    }
                                },
                                "type": "object"
                            }
                        }
                    }
                },
                "responses": {
                    "200": {
                        "description": "Login Successfully"
                    }
                }
            }
        },
        "/api/uploadFile": {
            "post": {
                "tags": [
                    "Api"
                ],
                "summary": "Upload a file",
                "operationId": "85868b2ba0eafe3b519bb2fb344ffcb6",
                "requestBody": {
                    "required": true,
                    "content": {
                        "application/json": {
                            "schema": {
                                "properties": {
                                    "file": {
                                        "type": "file"
                                    },
                                    "filename": {
                                        "type": "string"
                                    },
                                    "folder": {
                                        "type": "string"
                                    },
                                    "diocese_id": {
                                        "type": "string"
                                    }
                                },
                                "type": "object"
                            }
                        }
                    }
                },
                "responses": {
                    "200": {
                        "description": "Success"
                    },
                    "401": {
                        "description": "Unauthorized"
                    }
                },
                "security": [
                    {
                        "bearerAuth": []
                    }
                ]
            }
        },
        "/api/getFiles/{diocese_id}": {
            "get": {
                "tags": [
                    "Api"
                ],
                "summary": "Get all Files belonging to a diocese ",
                "description": "API: Use this endpoint to get all files by a diocese",
                "operationId": "985e918e2a4da816dbe382fa884ef2f1",
                "parameters": [
                    {
                        "name": "diocese_id",
                        "in": "path",
                        "description": "Diocese ID",
                        "required": true,
                        "schema": {
                            "type": "string"
                        }
                    }
                ],
                "responses": {
                    "200": {
                        "description": "Success"
                    },
                    "401": {
                        "description": "Unauthorized"
                    }
                },
                "security": [
                    {
                        "bearerAuth": []
                    }
                ]
            }
        },
        "/api/getFile/{folder}/{filename}": {
            "get": {
                "tags": [
                    "Api"
                ],
                "summary": "Get File",
                "description": "API: Use this endpoint to get a file by providing the folder and filename as path parameters.",
                "operationId": "0bbb22a16690057989f6d7b3281b51dd",
                "parameters": [
                    {
                        "name": "folder",
                        "in": "path",
                        "description": "Name of the folder",
                        "required": true,
                        "schema": {
                            "type": "string"
                        }
                    },
                    {
                        "name": "filename",
                        "in": "path",
                        "description": "Name of the file",
                        "required": true,
                        "schema": {
                            "type": "string"
                        }
                    }
                ],
                "responses": {
                    "200": {
                        "description": "Success",
                        "content": {
                            "application/octet-stream": {
                                "schema": {
                                    "type": "file"
                                }
                            }
                        }
                    },
                    "401": {
                        "description": "Unauthorized"
                    },
                    "404": {
                        "description": "File not found"
                    }
                },
                "security": [
                    {
                        "bearerAuth": []
                    }
                ]
            }
        },
        "/api/fileExists/{folder}/{filename}": {
            "get": {
                "tags": [
                    "Api"
                ],
                "summary": "Check if File Exists",
                "description": "API: Use this endpoint to check if a file exists by providing the folder and filename as path parameters.",
                "operationId": "5f2c6f5880116ba9a5f8ea39bed65137",
                "parameters": [
                    {
                        "name": "folder",
                        "in": "path",
                        "description": "Name of the folder",
                        "required": true,
                        "schema": {
                            "type": "string"
                        }
                    },
                    {
                        "name": "filename",
                        "in": "path",
                        "description": "Name of the file",
                        "required": true,
                        "schema": {
                            "type": "string"
                        }
                    }
                ],
                "responses": {
                    "200": {
                        "description": "Success",
                        "content": {
                            "application/json": {
                                "schema": {}
                            }
                        }
                    },
                    "401": {
                        "description": "Unauthorized"
                    }
                },
                "security": [
                    {
                        "bearerAuth": []
                    }
                ]
            }
        },
        "/api/setSchoolBasicInfo": {
            "post": {
                "tags": [
                    "Api"
                ],
                "summary": "Set School Basic Info",
                "description": "This sensitive endpoint is used to set basic information about a school.",
                "operationId": "250cffdceb21c9e4afcd56602db5c2a4",
                "requestBody": {
                    "required": true,
                    "content": {
                        "application/json": {
                            "schema": {
                                "properties": {
                                    "user_id": {
                                        "type": "string"
                                    },
                                    "email": {
                                        "type": "string",
                                        "format": "email"
                                    },
                                    "sname": {
                                        "type": "string"
                                    },
                                    "phn": {
                                        "type": "string"
                                    },
                                    "pcode": {
                                        "type": "string"
                                    },
                                    "verif": {
                                        "type": "string"
                                    },
                                    "pay": {
                                        "type": "string"
                                    }
                                },
                                "type": "object"
                            }
                        }
                    }
                },
                "responses": {
                    "200": {
                        "description": "Success"
                    },
                    "401": {
                        "description": "Unauthorized"
                    }
                },
                "security": [
                    {
                        "bearerAuth": []
                    }
                ]
            }
        },
        "/api/getSchoolBasicInfo/{uid}": {
            "get": {
                "tags": [
                    "Api"
                ],
                "summary": "Get School Basic Info",
                "description": "Use this endpoint to get basic information about a school.",
                "operationId": "8ff6b781cd81e0c1dd220bd13d606818",
                "parameters": [
                    {
                        "name": "uid",
                        "in": "path",
                        "description": "User Id of the School",
                        "required": true,
                        "schema": {
                            "type": "string"
                        }
                    }
                ],
                "responses": {
                    "200": {
                        "description": "Success",
                        "content": {
                            "application/json": {
                                "schema": {}
                            }
                        }
                    },
                    "401": {
                        "description": "Unauthorized"
                    }
                },
                "security": [
                    {
                        "bearerAuth": []
                    }
                ]
            }
        },
        "/api/setPartnerBasicInfo": {
            "post": {
                "tags": [
                    "Api"
                ],
                "summary": "Set Partner Basic Info",
                "description": "This endpoint is used to set basic information about a partner.",
                "operationId": "18a1fa5cd4359a92fd37729d50d55664",
                "requestBody": {
                    "required": true,
                    "content": {
                        "application/json": {
                            "schema": {
                                "properties": {
                                    "user_id": {
                                        "type": "string"
                                    },
                                    "email": {
                                        "type": "string",
                                        "format": "email"
                                    },
                                    "fname": {
                                        "type": "string"
                                    },
                                    "mname": {
                                        "type": "string"
                                    },
                                    "lname": {
                                        "type": "string"
                                    },
                                    "phn": {
                                        "type": "string"
                                    },
                                    "verif": {
                                        "type": "string"
                                    }
                                },
                                "type": "object"
                            }
                        }
                    }
                },
                "responses": {
                    "200": {
                        "description": "Success"
                    },
                    "401": {
                        "description": "Unauthorized"
                    }
                },
                "security": [
                    {
                        "bearerAuth": []
                    }
                ]
            }
        },
        "/api/getPartnerBasicInfo/{uid}": {
            "get": {
                "tags": [
                    "Api"
                ],
                "summary": "Get Partner Basic Info",
                "description": "Use this endpoint to get basic information about a partner.",
                "operationId": "2cdd038725ea24d0e8fbea7532f36ebc",
                "parameters": [
                    {
                        "name": "uid",
                        "in": "path",
                        "description": "User Id of the Partner",
                        "required": true,
                        "schema": {
                            "type": "string"
                        }
                    }
                ],
                "responses": {
                    "200": {
                        "description": "Success",
                        "content": {
                            "application/json": {
                                "schema": {}
                            }
                        }
                    },
                    "401": {
                        "description": "Unauthorized"
                    }
                },
                "security": [
                    {
                        "bearerAuth": []
                    }
                ]
            }
        },
        "/api/setSchoolGeneralInfo": {
            "post": {
                "tags": [
                    "Api"
                ],
                "summary": "Set School General Info",
                "description": "Use this endpoint to set general information about a school.",
                "operationId": "88bc0aeb4c4a57f6775493d6df549625",
                "requestBody": {
                    "required": true,
                    "content": {
                        "application/json": {
                            "schema": {
                                "properties": {
                                    "user_id": {
                                        "description": "The user ID",
                                        "type": "string"
                                    },
                                    "state": {
                                        "description": "State",
                                        "type": "string"
                                    },
                                    "lga": {
                                        "description": "Local Government Area",
                                        "type": "string"
                                    },
                                    "addr": {
                                        "description": "Address",
                                        "type": "string"
                                    },
                                    "vision": {
                                        "description": "Vision",
                                        "type": "string"
                                    },
                                    "mission": {
                                        "description": "Mission",
                                        "type": "string"
                                    },
                                    "values": {
                                        "description": "Values",
                                        "type": "string"
                                    }
                                },
                                "type": "object"
                            }
                        }
                    }
                },
                "responses": {
                    "200": {
                        "description": "success"
                    },
                    "401": {
                        "description": "Unauthorized"
                    }
                },
                "security": [
                    {
                        "bearerAuth": []
                    }
                ]
            }
        },
        "/api/getSchoolGeneralInfo/{uid}": {
            "get": {
                "tags": [
                    "Api"
                ],
                "summary": "Get School General Info",
                "description": "Use this endpoint to get general information about a school.",
                "operationId": "f5a6afbcf358df01470b290a0639ee91",
                "parameters": [
                    {
                        "name": "uid",
                        "in": "path",
                        "description": "User Id",
                        "required": true,
                        "schema": {
                            "type": "string"
                        }
                    }
                ],
                "responses": {
                    "200": {
                        "description": "Success",
                        "content": {
                            "application/json": {
                                "schema": {}
                            }
                        }
                    },
                    "401": {
                        "description": "Unauthorized"
                    }
                },
                "security": [
                    {
                        "bearerAuth": []
                    }
                ]
            }
        },
        "/api/setSchoolPropInfo": {
            "post": {
                "tags": [
                    "Api"
                ],
                "summary": "Set School Proprietor Info",
                "description": "Use this endpoint to set proprietor information about a school.",
                "operationId": "8e5f8a74e00558fcae0459e0770f7de9",
                "requestBody": {
                    "required": true,
                    "content": {
                        "application/json": {
                            "schema": {
                                "properties": {
                                    "user_id": {
                                        "description": "The user ID",
                                        "type": "string"
                                    },
                                    "fname": {
                                        "description": "First Name",
                                        "type": "string"
                                    },
                                    "mname": {
                                        "description": "Middle Name",
                                        "type": "string"
                                    },
                                    "lname": {
                                        "description": "Last Name",
                                        "type": "string"
                                    },
                                    "sex": {
                                        "description": "Gender",
                                        "type": "string"
                                    },
                                    "phn": {
                                        "description": "Phone",
                                        "type": "string"
                                    },
                                    "addr": {
                                        "description": "Address",
                                        "type": "string"
                                    },
                                    "email": {
                                        "description": "Email",
                                        "type": "string",
                                        "format": "email"
                                    }
                                },
                                "type": "object"
                            }
                        }
                    }
                },
                "responses": {
                    "200": {
                        "description": "success"
                    },
                    "401": {
                        "description": "Unauthorized"
                    }
                },
                "security": [
                    {
                        "bearerAuth": []
                    }
                ]
            }
        },
        "/api/getSchoolPropInfo/{uid}": {
            "get": {
                "tags": [
                    "Api"
                ],
                "summary": "Get School Proprietor Info",
                "description": "Use this endpoint to get general information about a proprietor.",
                "operationId": "8f27d27b32198b607e6c502fb3a72635",
                "parameters": [
                    {
                        "name": "uid",
                        "in": "path",
                        "description": "User Id",
                        "required": true,
                        "schema": {
                            "type": "string"
                        }
                    }
                ],
                "responses": {
                    "200": {
                        "description": "Success",
                        "content": {
                            "application/json": {
                                "schema": {}
                            }
                        }
                    },
                    "401": {
                        "description": "Unauthorized"
                    }
                },
                "security": [
                    {
                        "bearerAuth": []
                    }
                ]
            }
        },
        "/api/setPartnerGeneralInfo": {
            "post": {
                "tags": [
                    "Api"
                ],
                "summary": "Set Partner General Info",
                "description": "Use this endpoint to set general information about a partner.",
                "operationId": "f85694265e96d43bde806b6bb8aab452",
                "requestBody": {
                    "required": true,
                    "content": {
                        "application/json": {
                            "schema": {
                                "properties": {
                                    "user_id": {
                                        "description": "The user ID",
                                        "type": "string"
                                    },
                                    "state": {
                                        "description": "State",
                                        "type": "string"
                                    },
                                    "lga": {
                                        "description": "Local Government Area",
                                        "type": "string"
                                    },
                                    "addr": {
                                        "description": "Address",
                                        "type": "string"
                                    },
                                    "sex": {
                                        "description": "Vision",
                                        "type": "string"
                                    }
                                },
                                "type": "object"
                            }
                        }
                    }
                },
                "responses": {
                    "200": {
                        "description": "success"
                    },
                    "401": {
                        "description": "Unauthorized"
                    }
                },
                "security": [
                    {
                        "bearerAuth": []
                    }
                ]
            }
        },
        "/api/getPartnerGeneralInfo/{uid}": {
            "get": {
                "tags": [
                    "Api"
                ],
                "summary": "Get Partner General Info",
                "description": "Use this endpoint to get general information about a partner.",
                "operationId": "13134f78735ed0e60761e781244ddcd2",
                "parameters": [
                    {
                        "name": "uid",
                        "in": "path",
                        "description": "User Id",
                        "required": true,
                        "schema": {
                            "type": "string"
                        }
                    }
                ],
                "responses": {
                    "200": {
                        "description": "Success",
                        "content": {
                            "application/json": {
                                "schema": {}
                            }
                        }
                    },
                    "401": {
                        "description": "Unauthorized"
                    }
                },
                "security": [
                    {
                        "bearerAuth": []
                    }
                ]
            }
        },
        "/api/setPartnerFinancialInfo": {
            "post": {
                "tags": [
                    "Api"
                ],
                "summary": "Set Partner Financial Info",
                "description": "Use this endpoint to set financial information about a partner.",
                "operationId": "c340c974a8e9499ef3108ae227bdc2de",
                "requestBody": {
                    "required": true,
                    "content": {
                        "application/json": {
                            "schema": {
                                "properties": {
                                    "user_id": {
                                        "description": "The user ID",
                                        "type": "string"
                                    },
                                    "bnk": {
                                        "description": "Bank Code",
                                        "type": "string"
                                    },
                                    "anum": {
                                        "description": "Account Number",
                                        "type": "string"
                                    },
                                    "aname": {
                                        "description": "Acct Name",
                                        "type": "string"
                                    }
                                },
                                "type": "object"
                            }
                        }
                    }
                },
                "responses": {
                    "200": {
                        "description": "success"
                    },
                    "401": {
                        "description": "Unauthorized"
                    }
                },
                "security": [
                    {
                        "bearerAuth": []
                    }
                ]
            }
        },
        "/api/getPartnerFinancialInfo/{uid}": {
            "get": {
                "tags": [
                    "Api"
                ],
                "summary": "Get Partner Fiancial Info",
                "description": "Use this endpoint to get financial information about a partner.",
                "operationId": "2da65999930a6ebcb91982e0fa3446d5",
                "parameters": [
                    {
                        "name": "uid",
                        "in": "path",
                        "description": "User Id",
                        "required": true,
                        "schema": {
                            "type": "string"
                        }
                    }
                ],
                "responses": {
                    "200": {
                        "description": "Success",
                        "content": {
                            "application/json": {
                                "schema": {}
                            }
                        }
                    },
                    "401": {
                        "description": "Unauthorized"
                    }
                },
                "security": [
                    {
                        "bearerAuth": []
                    }
                ]
            }
        },
        "/api/getPartnerComs/{uid}": {
            "get": {
                "tags": [
                    "Api"
                ],
                "summary": "Get Partner Commissions",
                "description": "Use this endpoint to get information about a Partner Commissions.",
                "operationId": "793a29164d76d7342be55bb0291ff5d5",
                "parameters": [
                    {
                        "name": "uid",
                        "in": "path",
                        "description": "User ID of the partner",
                        "required": true,
                        "schema": {
                            "type": "string"
                        }
                    },
                    {
                        "name": "start",
                        "in": "query",
                        "description": "Index to start at",
                        "required": false,
                        "schema": {
                            "type": "integer"
                        }
                    },
                    {
                        "name": "count",
                        "in": "query",
                        "description": "No of records to retrieve",
                        "required": false,
                        "schema": {
                            "type": "integer"
                        }
                    }
                ],
                "responses": {
                    "200": {
                        "description": "Success",
                        "content": {
                            "application/json": {
                                "schema": {}
                            }
                        }
                    },
                    "401": {
                        "description": "Unauthorized"
                    }
                },
                "security": [
                    {
                        "bearerAuth": []
                    }
                ]
            }
        },
        "/api/getPartnerComsBySchool/{uid}/{sid}": {
            "get": {
                "tags": [
                    "Api"
                ],
                "summary": "Get Partner Commissions by School",
                "description": "Use this endpoint to get information about a Partner Commissions by School.",
                "operationId": "8358c634b631fbc6904801e6dfddd638",
                "parameters": [
                    {
                        "name": "uid",
                        "in": "path",
                        "description": "User ID of the partner",
                        "required": true,
                        "schema": {
                            "type": "string"
                        }
                    },
                    {
                        "name": "sid",
                        "in": "path",
                        "description": "User ID of the school",
                        "required": true,
                        "schema": {
                            "type": "string"
                        }
                    },
                    {
                        "name": "start",
                        "in": "query",
                        "description": "Index to start at",
                        "required": false,
                        "schema": {
                            "type": "integer"
                        }
                    },
                    {
                        "name": "count",
                        "in": "query",
                        "description": "No of records to retrieve",
                        "required": false,
                        "schema": {
                            "type": "integer"
                        }
                    }
                ],
                "responses": {
                    "200": {
                        "description": "Success",
                        "content": {
                            "application/json": {
                                "schema": {}
                            }
                        }
                    },
                    "401": {
                        "description": "Unauthorized"
                    }
                },
                "security": [
                    {
                        "bearerAuth": []
                    }
                ]
            }
        },
        "/api/getSchoolsByPartner/{uid}": {
            "get": {
                "tags": [
                    "Api"
                ],
                "summary": "Get Partner's Schools",
                "description": "Use this endpoint to get a Partner's Schools.",
                "operationId": "4b7a4f061983c586760a51085dc70964",
                "parameters": [
                    {
                        "name": "uid",
                        "in": "path",
                        "description": "User ID of the partner",
                        "required": true,
                        "schema": {
                            "type": "string"
                        }
                    },
                    {
                        "name": "start",
                        "in": "query",
                        "description": "Index to start at",
                        "required": false,
                        "schema": {
                            "type": "integer"
                        }
                    },
                    {
                        "name": "count",
                        "in": "query",
                        "description": "No of records to retrieve",
                        "required": false,
                        "schema": {
                            "type": "integer"
                        }
                    }
                ],
                "responses": {
                    "200": {
                        "description": "Success",
                        "content": {
                            "application/json": {
                                "schema": {}
                            }
                        }
                    },
                    "401": {
                        "description": "Unauthorized"
                    }
                },
                "security": [
                    {
                        "bearerAuth": []
                    }
                ]
            }
        },
        "/api/searchSchools": {
            "get": {
                "tags": [
                    "Api"
                ],
                "summary": "Full text search on school names",
                "description": " Use this endpoint for Full text search on school names",
                "operationId": "bdc30e61633b770e5db02e64cf31f838",
                "parameters": [
                    {
                        "name": "search",
                        "in": "query",
                        "description": "Search term",
                        "required": true,
                        "schema": {
                            "type": "string"
                        }
                    }
                ],
                "responses": {
                    "200": {
                        "description": "Success",
                        "content": {
                            "application/json": {
                                "schema": {}
                            }
                        }
                    },
                    "401": {
                        "description": "Unauthorized"
                    }
                },
                "security": [
                    {
                        "bearerAuth": []
                    }
                ]
            }
        },
        "/api/getPartnerHighlights/{uid}": {
            "get": {
                "tags": [
                    "Api"
                ],
                "summary": "Get Highlights (Partner)",
                "description": " Use this endpoint to get partner highlights.",
                "operationId": "d3a0e806090d1e45f6293dac3474b0f7",
                "parameters": [
                    {
                        "name": "uid",
                        "in": "path",
                        "description": "User ID of the partner",
                        "required": true,
                        "schema": {
                            "type": "string"
                        }
                    }
                ],
                "responses": {
                    "200": {
                        "description": "Success",
                        "content": {
                            "application/json": {
                                "schema": {}
                            }
                        }
                    },
                    "401": {
                        "description": "Unauthorized"
                    }
                },
                "security": [
                    {
                        "bearerAuth": []
                    }
                ]
            }
        },
        "/api/getAnnouncements": {
            "get": {
                "tags": [
                    "Api"
                ],
                "summary": "Get Announcements",
                "description": "Use this endpoint to get information about announcements.",
                "operationId": "0aa905d40e259e686e18abd0e3e39da5",
                "parameters": [
                    {
                        "name": "start",
                        "in": "query",
                        "description": "Index to start at",
                        "required": false,
                        "schema": {
                            "type": "integer"
                        }
                    },
                    {
                        "name": "count",
                        "in": "query",
                        "description": "No of records to retrieve",
                        "required": false,
                        "schema": {
                            "type": "integer"
                        }
                    }
                ],
                "responses": {
                    "200": {
                        "description": "Success",
                        "content": {
                            "application/json": {
                                "schema": {}
                            }
                        }
                    },
                    "401": {
                        "description": "Unauthorized"
                    }
                },
                "security": [
                    {
                        "bearerAuth": []
                    }
                ]
            }
        },
        "/api/setAnnouncements": {
            "post": {
                "tags": [
                    "Admin"
                ],
                "summary": "Create Announcement",
                "description": "ADMIN: Use this endpoint to create an announcement.",
                "operationId": "2b84b049706d02d3a55239d2dac4f18c",
                "requestBody": {
                    "required": true,
                    "content": {
                        "application/json": {
                            "schema": {
                                "properties": {
                                    "title": {
                                        "description": "Title of the announcement",
                                        "type": "string"
                                    },
                                    "msg": {
                                        "description": "Message content of the announcement",
                                        "type": "string"
                                    },
                                    "time": {
                                        "description": "Time of the announcement",
                                        "type": "string"
                                    }
                                },
                                "type": "object"
                            }
                        }
                    }
                },
                "responses": {
                    "200": {
                        "description": "Announcement created successfully"
                    },
                    "401": {
                        "description": "Unauthorized"
                    }
                },
                "security": [
                    {
                        "bearerAuth": []
                    }
                ]
            }
        },
        "/api/getSchools": {
            "get": {
                "tags": [
                    "Admin"
                ],
                "summary": "ADMIN: Get schools",
                "description": "Use this endpoint to get Schools.",
                "operationId": "0ed9b606b2c0e41ab62afdd5acc7c4d8",
                "parameters": [
                    {
                        "name": "start",
                        "in": "query",
                        "description": "Index to start at",
                        "required": false,
                        "schema": {
                            "type": "integer"
                        }
                    },
                    {
                        "name": "count",
                        "in": "query",
                        "description": "No of records to retrieve",
                        "required": false,
                        "schema": {
                            "type": "integer"
                        }
                    }
                ],
                "responses": {
                    "200": {
                        "description": "Success",
                        "content": {
                            "application/json": {
                                "schema": {}
                            }
                        }
                    },
                    "401": {
                        "description": "Unauthorized"
                    }
                },
                "security": [
                    {
                        "bearerAuth": []
                    }
                ]
            }
        },
        "/api/checkTokenValidity": {
            "get": {
                "tags": [
                    "Api"
                ],
                "summary": "Check if user is still logged in",
                "description": "No params needed except bearer token. If you get a 200, the token is still valid",
                "operationId": "765cfc75b0077a084f214ee2a5483225",
                "responses": {
                    "200": {
                        "description": "Success",
                        "content": {
                            "application/json": {
                                "schema": {}
                            }
                        }
                    },
                    "401": {
                        "description": "Unauthorized"
                    }
                },
                "security": [
                    {
                        "bearerAuth": []
                    }
                ]
            }
        }
    },
    "components": {
        "securitySchemes": {
            "bearerAuth": {
                "type": "http",
                "scheme": "bearer",
                "description": "Enter token in format (Bearer <token>)",
                "name": "Authorization",
                "in": "header"
            }
        }
    }
}